[
  {
    "code": "0011",
    "eu_contact": {
      "address": "Conrad Röntgen-Str. 2",
      "city": "Wasserlisch",
      "country": "GERMANY",
      "email": "sales@partseurope.eu",
      "name": "Parts Europe",
      "phone": null,
      "postCode": "54332",
      "website": "www.partseurope.eu"
    },
    "manufacturer": {
      "address": "14025 Cty Hwy G",
      "city": "Viola",
      "country": "UNITED STATES",
      "email": "",
      "name": null,
      "phone": "001-608-627-1497",
      "postCode": "54664",
      "website": ""
    },
    "name": "S&S CYCLE"
  },
  {
    "code": "0019",
    "eu_contact": {
      "address": "",
      "city": "",
      "country": "",
      "email": "",
      "name": "",
      "phone": null,
      "postCode": "",
      "website": ""
    },
    "manufacturer": {
      "address": "Carl-Benz-Strasse 10",
      "city": "Owingen-Bodensee",
      "country": "GERMANY",
      "email": "customerservice@itwgtr.de",
      "name": null,
      "phone": "",
      "postCode": "D-88696",
      "website": ""
    },
    "name": "SLIME"
  },
  {
    "code": "0074",
    "eu_contact": {
      "address": "Conrad Röntgen-Str. 2",
      "city": "Wasserlisch",
      "country": "GERMANY",
      "email": "sales@partseurope.eu",
      "name": "Parts Europe",
      "phone": null,
      "postCode": "54332",
      "website": "www.partseurope.eu"
    },
    "manufacturer": {
      "address": "2 Technology Drive",
      "city": "West Lebanon",
      "country": "UNITED STATES",
      "email": "frontdesk@mototassinari.com",
      "name": null,
      "phone": "",
      "postCode": "03784",
      "website": ""
    },
    "name": "VFORCE/MOTO TASSINARI"
  },
  {
    "code": "0175",
    "eu_contact": {
      "address": "Conrad Röntgen-Str. 2",
      "city": "Wasserlisch",
      "country": "GERMANY",
      "email": "sales@partseurope.eu",
      "name": "Parts Europe",
      "phone": null,
      "postCode": "54332",
      "website": "www.partseurope.eu"
    },
    "manufacturer": {
      "address": "2238 Palma Dr.",
      "city": "Ventura",
      "country": "UNITED STATES",
      "email": "",
      "name": null,
      "phone": "001-805-642-9435 ",
      "postCode": "93003",
      "website": ""
    },
    "name": "BARNETT"
  },
  {
    "code": "0262",
    "eu_contact": {
      "address": "Conrad Röntgen-Str. 2",
      "city": "Wasserlisch",
      "country": "GERMANY",
      "email": "sales@partseurope.eu",
      "name": "Parts Europe",
      "phone": null,
      "postCode": "54332",
      "website": "www.partseurope.eu"
    },
    "manufacturer": {
      "address": "Unit 9D",
      "city": "Tewkesbury",
      "country": "UNITED KINGDOM",
      "email": "sales@pro-bolt.com",
      "name": null,
      "phone": "",
      "postCode": "GL20 8HB",
      "website": ""
    },
    "name": "PRO BOLT"
  },
  {
    "code": "0318",
    "eu_contact": {
      "address": "Conrad Röntgen-Str. 2",
      "city": "Wasserlisch",
      "country": "GERMANY",
      "email": "sales@partseurope.eu",
      "name": "Parts Europe",
      "phone": null,
      "postCode": "54332",
      "website": "www.partseurope.eu"
    },
    "manufacturer": {
      "address": "526 Coralridge Place",
      "city": "City of Industry",
      "country": "UNITED STATES",
      "email": "",
      "name": null,
      "phone": "001-7149219403",
      "postCode": "91746",
      "website": "www.exceltireandwheel.com"
    },
    "name": "AMS"
  },
  {
    "code": "0334",
    "eu_contact": {
      "address": "Conrad Röntgen-Str. 2",
      "city": "Wasserlisch",
      "country": "GERMANY",
      "email": "sales@partseurope.eu",
      "name": "Parts Europe",
      "phone": null,
      "postCode": "54332",
      "website": "www.partseurope.eu"
    },
    "manufacturer": {
      "address": "8090 AUBURN RD",
      "city": "CONCORD",
      "country": "UNITED STATES",
      "email": "",
      "name": null,
      "phone": "001-440-354-0777",
      "postCode": "44077",
      "website": ""
    },
    "name": "COMETIC"
  },
  {
    "code": "0365",
    "eu_contact": {
      "address": "",
      "city": "",
      "country": "",
      "email": "",
      "name": "",
      "phone": null,
      "postCode": "",
      "website": ""
    },
    "manufacturer": {
      "address": "Via G. Mattei 45",
      "city": "Arese (MI)",
      "country": "ITALY",
      "email": "info@capit.it",
      "name": null,
      "phone": "",
      "postCode": "20020",
      "website": ""
    },
    "name": "CAPIT"
  },
  {
    "code": "0379",
    "eu_contact": {
      "address": "",
      "city": "",
      "country": "",
      "email": "",
      "name": "",
      "phone": null,
      "postCode": "",
      "website": ""
    },
    "manufacturer": {
      "address": "Malo Hudo 8a",
      "city": "Ivančna Gorica ",
      "country": "SLOVENIA",
      "email": "info@akrapovic.com",
      "name": null,
      "phone": "",
      "postCode": "1295",
      "website": "www.akrapovic.com"
    },
    "name": "AKRAPOVIC"
  },
  {
    "code": "0394",
    "eu_contact": {
      "address": "",
      "city": "",
      "country": "",
      "email": "",
      "name": "",
      "phone": null,
      "postCode": "",
      "website": ""
    },
    "manufacturer": {
      "address": "Rudolf-Diesel-Straße 30",
      "city": "Pöttmes",
      "country": "GERMANY",
      "email": "info@m-motorcycle.de",
      "name": null,
      "phone": "",
      "postCode": "86554",
      "website": ""
    },
    "name": "MUELLER MOTORCYCLE AG"
  },
  {
    "code": "0433",
    "eu_contact": {
      "address": "Conrad Röntgen-Str. 2",
      "city": "Wasserlisch",
      "country": "GERMANY",
      "email": "sales@partseurope.eu",
      "name": "Parts Europe",
      "phone": null,
      "postCode": "54332",
      "website": "www.partseurope.eu"
    },
    "manufacturer": {
      "address": "1970 PEACOCK BLVD, OCEANSIDE, CA 92056",
      "city": "Oceanside",
      "country": "UNITED STATES",
      "email": "SALES@CUSTOMCYCLEENGINEERING.COM",
      "name": null,
      "phone": "",
      "postCode": "",
      "website": ""
    },
    "name": "CUSTOM CYCLE ENGINEERING"
  },
  {
    "code": "0450",
    "eu_contact": {
      "address": "Conrad Röntgen-Str. 2",
      "city": "Wasserlisch",
      "country": "GERMANY",
      "email": "sales@partseurope.eu",
      "name": "Parts Europe",
      "phone": null,
      "postCode": "54332",
      "website": "www.partseurope.eu"
    },
    "manufacturer": {
      "address": "5120 HILDA ROAD, BLACKVILLE, SC 29817",
      "city": "Balckville",
      "country": "UNITED STATES",
      "email": "easternmcparts@yahoo.com",
      "name": null,
      "phone": "",
      "postCode": "",
      "website": ""
    },
    "name": "EASTERN MOTORCYCLE PARTS"
  },
  {
    "code": "0453",
    "eu_contact": {
      "address": "",
      "city": "",
      "country": "",
      "email": "",
      "name": "",
      "phone": null,
      "postCode": "",
      "website": ""
    },
    "manufacturer": {
      "address": "10 Rue de Belle Ile",
      "city": "Plougoumelen",
      "country": "FRANCE",
      "email": "info@scar-racing.com",
      "name": null,
      "phone": "",
      "postCode": "56400",
      "website": ""
    },
    "name": "SCAR"
  },
  {
    "code": "0533",
    "eu_contact": {
      "address": "",
      "city": "",
      "country": "",
      "email": "",
      "name": "",
      "phone": null,
      "postCode": "",
      "website": ""
    },
    "manufacturer": {
      "address": "Pesetaweg 27.",
      "city": "Nieuw Vennep",
      "country": "NETHERLANDS",
      "email": "info@rwbteam.eu",
      "name": null,
      "phone": "+31 252 687 713",
      "postCode": "2153 PJ",
      "website": "www.racewinningbrandseurope.com"
    },
    "name": "WISECO"
  },
  {
    "code": "0682",
    "eu_contact": {
      "address": "",
      "city": "",
      "country": "",
      "email": "",
      "name": "",
      "phone": null,
      "postCode": "",
      "website": ""
    },
    "manufacturer": {
      "address": "Verdunplein 6",
      "city": "Eindhoven",
      "country": "NETHERLANDS",
      "email": "Eindhoven.Sales@knfilters.com",
      "name": null,
      "phone": "",
      "postCode": "5627 SZ",
      "website": ""
    },
    "name": "K & N"
  },
  {
    "code": "0695",
    "eu_contact": {
      "address": "",
      "city": "",
      "country": "",
      "email": "",
      "name": "",
      "phone": null,
      "postCode": "",
      "website": ""
    },
    "manufacturer": {
      "address": "Michelinstraße 4",
      "city": "Karlsruhe",
      "country": "GERMANY",
      "email": "vertrieb-zweirad@de.michelin.com",
      "name": null,
      "phone": "",
      "postCode": "76185",
      "website": ""
    },
    "name": "MICHELIN"
  },
  {
    "code": "0704",
    "eu_contact": {
      "address": "",
      "city": "",
      "country": "",
      "email": "",
      "name": "",
      "phone": null,
      "postCode": "",
      "website": ""
    },
    "manufacturer": {
      "address": "Europark Fichtenhain B 17",
      "city": "Krefeld",
      "country": "GERMANY",
      "email": "info@gs-yuasa.de",
      "name": null,
      "phone": "",
      "postCode": "47807",
      "website": "www.gs-battery.com"
    },
    "name": "YUASA"
  },
  {
    "code": "0725",
    "eu_contact": {
      "address": "Conrad Röntgen-Str. 2",
      "city": "Wasserlisch",
      "country": "GERMANY",
      "email": "sales@partseurope.eu",
      "name": "Parts Europe",
      "phone": null,
      "postCode": "54332",
      "website": "www.partseurope.eu"
    },
    "manufacturer": {
      "address": "K&H Bldg 2F, 3-30-4 Nishi-Ikebukuro",
      "city": "Tokyo",
      "country": "JAPAN",
      "email": "",
      "name": null,
      "phone": "",
      "postCode": "171-0021",
      "website": "www.global.rk-japan.co.jp"
    },
    "name": "RK"
  },
  {
    "code": "0755",
    "eu_contact": {
      "address": "",
      "city": "",
      "country": "",
      "email": "",
      "name": "",
      "phone": null,
      "postCode": "",
      "website": ""
    },
    "manufacturer": {
      "address": "Kuopiovej 11",
      "city": "Svendborg",
      "country": "DENMARK",
      "email": "sbs@sbs.dk",
      "name": null,
      "phone": "",
      "postCode": "5700",
      "website": ""
    },
    "name": "SBS"
  },
  {
    "code": "0766",
    "eu_contact": {
      "address": "",
      "city": "",
      "country": "",
      "email": "",
      "name": "",
      "phone": null,
      "postCode": "",
      "website": ""
    },
    "manufacturer": {
      "address": "Eckisstraße 6 ",
      "city": "Bad Urach",
      "country": "GERMANY",
      "email": "powersports@magura.de",
      "name": null,
      "phone": "",
      "postCode": "72574",
      "website": ""
    },
    "name": "MAGURA"
  },
  {
    "code": "0768",
    "eu_contact": {
      "address": "Conrad Röntgen-Str. 2",
      "city": "Wasserlisch",
      "country": "GERMANY",
      "email": "sales@partseurope.eu",
      "name": "Parts Europe",
      "phone": null,
      "postCode": "54332",
      "website": "www.partseurope.eu"
    },
    "manufacturer": {
      "address": "48 Gigante Drive",
      "city": "Hampstead",
      "country": "UNITED STATES",
      "email": "DistributorSales@ricksmotorsportelectrics.com",
      "name": null,
      "phone": "",
      "postCode": "03841",
      "website": ""
    },
    "name": "RICK'S MOTORSPORT ELECTRIC"
  },
  {
    "code": "0951",
    "eu_contact": {
      "address": "",
      "city": "",
      "country": "",
      "email": "",
      "name": "",
      "phone": null,
      "postCode": "",
      "website": ""
    },
    "manufacturer": {
      "address": "Ul. Puławska 2 Bud. B",
      "city": "Warszawa",
      "country": "POLAND",
      "email": "info@leovince.de",
      "name": null,
      "phone": "",
      "postCode": "02-566",
      "website": ""
    },
    "name": "LEOVINCE"
  },
  {
    "code": "1003",
    "eu_contact": {
      "address": "",
      "city": "",
      "country": "",
      "email": "",
      "name": "",
      "phone": null,
      "postCode": "",
      "website": ""
    },
    "manufacturer": {
      "address": "Neringstraat 14",
      "city": "Tienen",
      "country": "BELGIUM",
      "email": "",
      "name": null,
      "phone": "0032 1680 5440",
      "postCode": "3300",
      "website": ""
    },
    "name": "TECMATE"
  },
  {
    "code": "1047",
    "eu_contact": {
      "address": "Conrad Röntgen-Str. 2",
      "city": "Wasserlisch",
      "country": "GERMANY",
      "email": "sales@partseurope.eu",
      "name": "Parts Europe",
      "phone": null,
      "postCode": "54332",
      "website": "www.partseurope.eu"
    },
    "manufacturer": {
      "address": "Via  T. Tasso 1",
      "city": "Reggio Emilia",
      "country": "ITALY",
      "email": "",
      "name": null,
      "phone": "0039-0522-918811",
      "postCode": "42122",
      "website": ""
    },
    "name": "VERTEX"
  },
  {
    "code": "1060",
    "eu_contact": {
      "address": "",
      "city": "",
      "country": "",
      "email": "",
      "name": "",
      "phone": null,
      "postCode": "",
      "website": ""
    },
    "manufacturer": {
      "address": "Obere Weiden 12",
      "city": "Schweinfurt",
      "country": "GERMANY",
      "email": "",
      "name": null,
      "phone": "0049 7541 77 0",
      "postCode": "97424",
      "website": ""
    },
    "name": "TRW"
  },
  {
    "code": "1089",
    "eu_contact": {
      "address": "Conrad Röntgen-Str. 2",
      "city": "Wasserlisch",
      "country": "GERMANY",
      "email": "sales@partseurope.eu",
      "name": "Parts Europe",
      "phone": null,
      "postCode": "54332",
      "website": "www.partseurope.eu"
    },
    "manufacturer": {
      "address": "15 Cypress Drive",
      "city": "Youngsville",
      "country": "UNITED STATES",
      "email": "info@customdynamics.com",
      "name": null,
      "phone": "",
      "postCode": "27596",
      "website": ""
    },
    "name": "CUSTOM DYNAMICS"
  },
  {
    "code": "1092",
    "eu_contact": {
      "address": "Conrad Röntgen-Str. 2",
      "city": "Wasserlisch",
      "country": "GERMANY",
      "email": "sales@partseurope.eu",
      "name": "Parts Europe",
      "phone": null,
      "postCode": "54332",
      "website": "www.partseurope.eu"
    },
    "manufacturer": {
      "address": "2601 BATTLEFIELD ST., SPRINGFIELD, MO 65807",
      "city": "Springfield",
      "country": "UNITED STATES",
      "email": "",
      "name": null,
      "phone": "001-417-881-7440",
      "postCode": "",
      "website": ""
    },
    "name": "PANTHER"
  },
  {
    "code": "1123",
    "eu_contact": {
      "address": "Conrad Röntgen-Str. 2",
      "city": "Wasserlisch",
      "country": "GERMANY",
      "email": "sales@partseurope.eu",
      "name": "Parts Europe",
      "phone": null,
      "postCode": "54332",
      "website": "www.partseurope.eu"
    },
    "manufacturer": {
      "address": "94 WEST SHORE RD, DENVILLE, NJ 07834",
      "city": "DENVILLE",
      "country": "UNITED STATES",
      "email": "mikemcavey@fueltool.com",
      "name": null,
      "phone": "+1-201-956-2350",
      "postCode": "",
      "website": "www.fueltool.com"
    },
    "name": "FUEL-TOOL"
  },
  {
    "code": "1173",
    "eu_contact": {
      "address": "",
      "city": "",
      "country": "",
      "email": "",
      "name": "",
      "phone": null,
      "postCode": "",
      "website": ""
    },
    "manufacturer": {
      "address": "Via dell'Industria, 6/8",
      "city": "Curtatone",
      "country": "ITALY",
      "email": "info@spark.it",
      "name": null,
      "phone": "",
      "postCode": "46010",
      "website": ""
    },
    "name": "SPARK"
  },
  {
    "code": "1190",
    "eu_contact": {
      "address": "Conrad Röntgen-Str. 2",
      "city": "Wasserlisch",
      "country": "GERMANY",
      "email": "sales@partseurope.eu",
      "name": "Parts Europe",
      "phone": null,
      "postCode": "54332",
      "website": "www.partseurope.eu"
    },
    "manufacturer": {
      "address": "4940 Delemere Ave",
      "city": "Royal Oak",
      "country": "UNITED STATES",
      "email": "sales@technoresearch.com",
      "name": null,
      "phone": "",
      "postCode": "48073",
      "website": ""
    },
    "name": "TECHNORESEARCH"
  },
  {
    "code": "1207",
    "eu_contact": {
      "address": "Conrad Röntgen-Str. 2",
      "city": "Wasserlisch",
      "country": "GERMANY",
      "email": "sales@partseurope.eu",
      "name": "Parts Europe",
      "phone": null,
      "postCode": "54332",
      "website": "www.partseurope.eu"
    },
    "manufacturer": {
      "address": "3501 Kennedy Road ",
      "city": "Janesville",
      "country": "UNITED STATES",
      "email": "",
      "name": null,
      "phone": "",
      "postCode": "53547",
      "website": "www.parts-unlimited.com"
    },
    "name": "ICON - 1000"
  },
  {
    "code": "1224",
    "eu_contact": {
      "address": "Conrad Röntgen-Str. 2",
      "city": "Wasserlisch",
      "country": "GERMANY",
      "email": "sales@partseurope.eu",
      "name": "Parts Europe",
      "phone": null,
      "postCode": "54332",
      "website": "www.partseurope.eu"
    },
    "manufacturer": {
      "address": "Conrad-Röntgen-Str.2",
      "city": "Wasserliesch",
      "country": "GERMANY",
      "email": "sales@partseurope.eu",
      "name": null,
      "phone": "",
      "postCode": "#N/A",
      "website": ""
    },
    "name": "PARTS EUROPE"
  },
  {
    "code": "1302",
    "eu_contact": {
      "address": "",
      "city": "",
      "country": "",
      "email": "",
      "name": "",
      "phone": null,
      "postCode": "",
      "website": ""
    },
    "manufacturer": {
      "address": "C/Aiguafreda nº24 nave 4",
      "city": "L'Ametlla del Vallès ",
      "country": "SPAIN",
      "email": "info@itscooter.es",
      "name": null,
      "phone": "+34 937 32 41 10",
      "postCode": "08480",
      "website": "www.jcosta.com"
    },
    "name": "J. COSTA"
  },
  {
    "code": "1313",
    "eu_contact": {
      "address": "Conrad Röntgen-Str. 2",
      "city": "Wasserlisch",
      "country": "GERMANY",
      "email": "sales@partseurope.eu",
      "name": "Parts Europe",
      "phone": null,
      "postCode": "54332",
      "website": "www.partseurope.eu"
    },
    "manufacturer": {
      "address": "138 E. LINCOLN AVE.",
      "city": "Chariton",
      "country": "UNITED STATES",
      "email": "sales@fatbaggers.com",
      "name": null,
      "phone": "",
      "postCode": "50049",
      "website": ""
    },
    "name": "FAT BAGGERS INC."
  },
  {
    "code": "1315",
    "eu_contact": {
      "address": "",
      "city": "",
      "country": "",
      "email": "",
      "name": "",
      "phone": null,
      "postCode": "",
      "website": ""
    },
    "manufacturer": {
      "address": "Pesetaweg 27",
      "city": "Nieuw Vennep",
      "country": "NETHERLANDS",
      "email": "info@rwbteam.eu",
      "name": null,
      "phone": "+31 252 687 713",
      "postCode": "2153 PJ",
      "website": "www.racewinningbrandseurope.com"
    },
    "name": "REKLUSE"
  },
  {
    "code": "1318",
    "eu_contact": {
      "address": "Conrad Röntgen-Str. 2",
      "city": "Wasserlisch",
      "country": "GERMANY",
      "email": "sales@partseurope.eu",
      "name": "Parts Europe",
      "phone": null,
      "postCode": "54332",
      "website": "www.partseurope.eu"
    },
    "manufacturer": {
      "address": "30 Optima Park",
      "city": "Crayford, Kent",
      "country": "UNITED KINGDOM",
      "email": "sales@bikealert.com",
      "name": null,
      "phone": "",
      "postCode": "DA1 4QX",
      "website": ""
    },
    "name": "JT DRIVE BELTS"
  },
  {
    "code": "1394",
    "eu_contact": {
      "address": "",
      "city": "",
      "country": "",
      "email": "",
      "name": "",
      "phone": null,
      "postCode": "",
      "website": ""
    },
    "manufacturer": {
      "address": "Rolnicza 196",
      "city": "Kielpin",
      "country": "POLAND",
      "email": "info@classicbike.pl",
      "name": null,
      "phone": "",
      "postCode": "05-092",
      "website": ""
    },
    "name": "CLASSIC BIKE"
  },
  {
    "code": "1469",
    "eu_contact": {
      "address": "",
      "city": "",
      "country": "",
      "email": "",
      "name": "",
      "phone": null,
      "postCode": "",
      "website": ""
    },
    "manufacturer": {
      "address": "Via Nazionale, 11",
      "city": "Baldichieri d’Asti (AT)",
      "country": "ITALY",
      "email": "SALES2@ZARDEXHAUST.COM",
      "name": null,
      "phone": "",
      "postCode": "14011",
      "website": ""
    },
    "name": "ZARD"
  },
  {
    "code": "1474",
    "eu_contact": {
      "address": "",
      "city": "",
      "country": "",
      "email": "",
      "name": "",
      "phone": null,
      "postCode": "",
      "website": ""
    },
    "manufacturer": {
      "address": "VIALE E. - FERMI 5",
      "city": "ASOLO",
      "country": "ITALY",
      "email": "help.eu@alpinestars.com",
      "name": null,
      "phone": "",
      "postCode": "31011",
      "website": ""
    },
    "name": "ALPINESTARS GOGGLES"
  },
  {
    "code": "1481",
    "eu_contact": {
      "address": "",
      "city": "",
      "country": "",
      "email": "",
      "name": "",
      "phone": null,
      "postCode": "",
      "website": ""
    },
    "manufacturer": {
      "address": "",
      "city": "",
      "country": "",
      "email": "",
      "name": null,
      "phone": "",
      "postCode": "",
      "website": ""
    },
    "name": "GBRAKES"
  }
]